﻿<?xml version="1.0" encoding="UTF-8" standalone="yes"?>
<addon id="plugin.video.simply.player" name="Simply Player" version="1.1.1" provider-name="lambda">
	<requires>
		<import addon="xbmc.addon" version="12.0.0"/>
		<import addon="xbmc.python" version="2.1.0"/>
		<import addon="script.module.metahandler" version="1.0.0"/>
		<import addon="script.module.parsedom" version="0.9.1"/>
		<import addon="plugin.video.youtube" version="2.9.2"/>
	</requires>
	<extension point="xbmc.python.pluginsource" library="default.py">
		<provides>video</provides>
	</extension>
	<extension point="xbmc.service" library="service.py" start="startup">
	</extension>
	<extension point="xbmc.addon.metadata">
		<summary lang="en">Watch movies and tv shows from simplymovies.net</summary>
		<summary lang="el">Παρακολουθήστε ταινίες και σειρές από το simplymovies.net</summary>
		<description lang="en">Watch movies and tv shows from simplymovies.net</description>
		<description lang="el">Παρακολουθήστε ταινίες και σειρές από το simplymovies.net</description>
		<disclaimer lang="en">The author does not host or distribute any of the content displayed by this addon. The author does not have any affiliation with the content provider.</disclaimer>
		<disclaimer lang="el">Ο συγγραφέας δεν φιλοξενεί ή διανέμει οποιοδήποτε περιεχόμενο που εμφανίζεται από τo πρόσθετο αυτό. Ο συγγραφέας δεν έχει καμία σχέση με τον πάροχο του περιεχομένου.</disclaimer>
		<platform>all</platform>
	</extension>
</addon>