﻿<?xml version="1.0" encoding="UTF-8" standalone="yes"?>
<addon id="plugin.video.muchmovies.hd" name="Much Movies HD" version="1.0.3" provider-name="lambda">
	<requires>
		<import addon="xbmc.addon" version="12.0.0"/>
		<import addon="xbmc.python" version="2.1.0"/>
		<import addon="script.module.metahandler" version="1.0.0"/>
		<import addon="script.module.parsedom" version="0.9.1"/>
		<import addon="plugin.video.youtube" version="2.9.2"/>
	</requires>
	<extension point="xbmc.python.pluginsource" library="default.py">
		<provides>video</provides>
	</extension>
	<extension point="xbmc.addon.metadata">
		<summary lang="en">Watch a wide selection of movies from muchmovies.org</summary>
		<summary lang="el">Παρακολουθήστε μια ευρεία συλλογή ταινιών από το muchmovies.org</summary>
		<description lang="en">Watch a wide selection of movies from muchmovies.org</description>
		<description lang="el">Παρακολουθήστε μια ευρεία συλλογή ταινιών από το muchmovies.org</description>
		<disclaimer lang="en">By using this plugin you will receive NO adverts.</disclaimer>
		<disclaimer lang="el">Με τη χρήση αυτού του πρόσθετου ΔΕΝ θα λαμβάνετε διαφημίσεις.</disclaimer>
		<platform>all</platform>
	</extension>
</addon>