﻿<?xml version="1.0" encoding="UTF-8" standalone="yes"?>
<addon id="plugin.audio.skai.gr" name="SKAI Podcast" version="2.0.1" provider-name="lambda">
	<requires>
		<import addon="xbmc.addon" version="12.0.0"/>
		<import addon="xbmc.python" version="2.1.0"/>
		<import addon="script.common.plugin.cache" version="0.9.1"/>
		<import addon="script.module.parsedom" version="0.9.1"/>
	</requires>
	<extension point="xbmc.python.pluginsource" library="default.py">
		<provides>audio</provides>
	</extension>
	<extension point="xbmc.addon.metadata">
		<summary lang="en">SKAI broadcasts radio programmes on demand.</summary>
		<summary lang="el">Ο ΣΚΑΪ αναμεταδίδει εκπομπές των παραγωγών του.</summary>
		<description lang="en">SKAI broadcasts radio programmes on demand.[CR]Listen whenever you want news from Greece and the world, entertainment programs and keep being informed of all developments.</description>
		<description lang="el">Ο ΣΚΑΪ αναμεταδίδει εκπομπές των παραγωγών του.[CR]Ακούστε όταν επιθυμείτε ειδήσεις από την Ελλάδα και τον κόσμο, ενημέρωση για όλες τις εξελίξεις και ψυχαγωγικές εκπομπές.</description>
		<disclaimer lang="en">Τhis addon offers content available in Greece.</disclaimer>
		<disclaimer lang="el">Το πρόσθετο αυτό προσφέρει περιεχόμενο διαθέσιμο στην Ελλάδα.</disclaimer>
		<platform>all</platform>
	</extension>
</addon>