﻿<?xml version="1.0" encoding="UTF-8" standalone="yes"?>
<addon id="plugin.video.football.today" name="Football Today" version="2.1.0" provider-name="lambda">
	<requires>
		<import addon="xbmc.python" version="2.1.0"/>
		<import addon="script.module.simplejson" version="2.0.10"/>
		<import addon="script.common.plugin.cache" version="0.9.1"/>
		<import addon="script.module.parsedom" version="0.9.1"/>
		<import addon="plugin.video.youtube" version="2.9.2"/>
	</requires>
	<extension point="xbmc.python.pluginsource" library="default.py">
		<provides>video</provides>
	</extension>
	<extension point="xbmc.addon.metadata">
		<summary lang="en">Watch football games whenever you want</summary>
		<description lang="en">Watch football games whenever you want</description>
		<summary lang="el">Παρακολουθήστε ποδοσφαιρικούς αγώνες ότι ώρα θέλετε</summary>
		<description lang="el">Παρακολουθήστε ποδοσφαιρικούς αγώνες ότι ώρα θέλετε</description>
		<summary lang="fr">Regarder les matchs de football à tout moment</summary>
		<description lang="fr">Regarder les matchs de football à tout moment</description>
		<summary lang="nl">Football video's kijken wanneer je wilt</summary>
		<description lang="nl">Football video's kijken wanneer je wilt</description>
		<summary lang="pl">Oglądaj mecze futbol gdziekolwiek zechcesz</summary>
		<description lang="pl">Oglądaj mecze futbol gdziekolwiek zechcesz</description>
		<summary lang="pt">Veja os jogos de futebol das principais ligas quando quiser</summary>
		<description lang="pt">Veja os jogos de futebol das principais ligas quando quiser</description>
		<summary lang="pt_BR">Veja os jogos de futebol das principais ligas quando quiser</summary>
		<description lang="pt_BR">Veja os jogos de futebol das principais ligas quando quiser</description>
		<summary lang="ro">Urmărește oricând meciuri din fotbal</summary>
		<description lang="ro">Urmărește oricând meciuri din fotbal</description>
		<disclaimer lang="en">The author does not host or distribute any of the content displayed by this addon. The author does not have any affiliation with the content provider.</disclaimer>
		<forum>http://www.xbmchub.com/forums/lambdas-xbmc-repository/</forum>
		<source>https://github.com/lambda81/lambda-xbmc-addons</source>
		<website>http://www.xbmchub.com/</website>
		<platform>all</platform>
	</extension>
</addon>