﻿<?xml version="1.0" encoding="UTF-8" standalone="yes"?>
<addon id="plugin.video.hellenic.movies" name="Hellenic Movies" version="1.0.0" provider-name="lambda">
	<requires>
		<import addon="xbmc.python" version="1.0"/>
		<import addon="script.common.plugin.cache" version="0.9.1"/>
		<import addon="script.module.parsedom" version="0.9.1"/>
		<import addon="plugin.video.youtube" version="2.9.2"/>
	</requires>
	<extension point="xbmc.python.pluginsource" library="default.py">
		<provides>video</provides>
	</extension>
	<extension point="xbmc.addon.metadata">
		<summary lang="en">Watch greek movies from Cine-Greece and Greek-Movies</summary>
		<summary lang="el">Δείτε ελληνικές ταινίες από το Cine-Greece και το Greek-Movies</summary>
		<description lang="en">Watch greek movies from Cine-Greece and Greek-Movies.[CR]All recent and classic movies are broadcasted by YouTube.</description>
		<description lang="el">Δείτε ελληνικές ταινίες από το Cine-Greece και το Greek-Movies.[CR]Όλες οι πρόσφατες και κλασικές ταινίες μεταδίδονται από το YouTube.</description>
		<disclaimer lang="en">Τhis addon offers content available in Greece.</disclaimer>
		<disclaimer lang="el">Το πρόσθετο αυτό προσφέρει περιεχόμενο διαθέσιμο στην Ελλάδα.</disclaimer>
		<platform>all</platform>
	</extension>
</addon>