﻿<?xml version="1.0" encoding="UTF-8" standalone="yes"?>
<addon id="plugin.video.greek.movies.com" name="Greek-Movies" version="1.0.0" provider-name="lambda">
	<requires>
		<import addon="xbmc.python" version="1.0"/>
		<import addon="script.common.plugin.cache" version="0.9.1"/>
		<import addon="script.module.parsedom" version="0.9.1"/>
		<import addon="script.module.urlresolver"  version="0.0.1"/>
		<import addon="plugin.video.youtube" version="2.9.2"/>
	</requires>
	<extension point="xbmc.python.pluginsource" library="default.py">
		<provides>video</provides>
	</extension>
	<extension point="xbmc.addon.metadata">
		<summary lang="en">Watch greek movies from Greek-Movies</summary>
		<summary lang="el">Δείτε ελληνικές ταινίες από το Greek-Movies</summary>
		<description lang="en">Watch greek movies from Greek-Movies.[CR]Its great archive offers recent and classic movies.</description>
		<description lang="el">Δείτε ελληνικές ταινίες από το Greek-Movies.[CR]Το μεγάλο αρχείο του περιλαμβάνει πρόσφατες αλλά και κλασικές ταινίες.</description>
		<disclaimer lang="en">Τhis addon may offers content available only in Greece.</disclaimer>
		<disclaimer lang="el">Το πρόσθετο αυτό ίσως προσφέρει περιεχόμενο διαθέσιμο μόνο στην Ελλάδα.</disclaimer>
		<platform>all</platform>
	</extension>
</addon>