﻿<?xml version="1.0" encoding="UTF-8" standalone="yes"?>
<addon id="plugin.video.football.today" name="Football Today" version="1.0.1" provider-name="lambda">
	<requires>
		<import addon="xbmc.addon" version="12.0.0"/>
		<import addon="xbmc.python" version="2.1.0"/>
		<import addon="script.common.plugin.cache" version="0.9.1"/>
		<import addon="script.module.parsedom" version="0.9.1"/>
		<import addon="plugin.video.youtube" version="2.9.2"/>
	</requires>
	<extension point="xbmc.python.pluginsource" library="default.py">
		<provides>video</provides>
	</extension>
	<extension point="xbmc.addon.metadata">
		<summary lang="en">Watch your favourite football matches anytime you want.</summary>
		<summary lang="el">Παρακολουθήστε όλους τους αγαπημένους σας ποδοσφαιρικούς αγώνες ότι ώρα θέλετε.</summary>
		<description lang="en">Watch your favourite football matches anytime you want.[CR]Also watch all goals and highlights.</description>
		<description lang="el">Παρακολουθήστε όλους τους αγαπημένους σας ποδοσφαιρικούς αγώνες ότι ώρα θέλετε.[CR]Δείτε επίσης όλα τα γκολ και τα στιγμιότυπα.</description>
		<disclaimer lang="en">The author does not host or distribute any of the content displayed by this addon. The author does not have any affiliation with the content provider.</disclaimer>
		<disclaimer lang="el">Ο συγγραφέας δεν φιλοξενεί ή διανέμει οποιοδήποτε περιεχόμενο που εμφανίζεται από τo πρόσθετο αυτό. Ο συγγραφέας δεν έχει καμία σχέση με τον πάροχο του περιεχομένου.</disclaimer>
		<platform>all</platform>
	</extension>
</addon>