﻿<?xml version="1.0" encoding="UTF-8" standalone="yes"?>
<addon id="plugin.audio.hellenic.radio" name="Hellenic Radio" version="1.1.0" provider-name="lambda">
	<requires>
		<import addon="xbmc.python" version="1.0"/>
	</requires>
	<extension point="xbmc.python.pluginsource" library="default.py">
		<provides>audio</provides>
	</extension>
	<extension point="xbmc.addon.metadata">
		<summary lang="en">Radio stations from Greece.</summary>
		<summary lang="el">Ραδιοφωνικοί σταθμοί από την Ελλάδα.</summary>
		<description lang="en">Listen to your favourite radio stations from Greece.</description>
		<description lang="el">Ακούστε τους αγαπημένους σας ραδιοφωνικούς σταθμούς από την Ελλάδα.</description>
		<disclaimer lang="en">Τhis addon offers content available not only in Greece.</disclaimer>
		<disclaimer lang="el">Το πρόσθετο αυτό προσφέρει περιεχόμενο διαθέσιμο όχι μόνο στην Ελλάδα.</disclaimer>
		<platform>all</platform>
	</extension>
</addon>