<?xml version="1.0" encoding="UTF-8" standalone="yes"?>
<addon id="service.subtitles.subtitles.gr" name="Subtitles.gr" version="0.9.0" provider-name="lambda">
	<requires>
		<import addon="xbmc.python" version="2.1.0"/>
		<import addon="script.module.metahandler"/>
		<import addon="script.module.urlresolver"/>
	</requires>
	<extension point="xbmc.subtitle.module" library="service.py">
	</extension>
	<extension point="xbmc.addon.metadata">
		<summary lang="en">Subtitles.gr</summary>
		<description lang="en">Search and download subtitles from subtitles.gr</description>
		<disclaimer lang="en">This service is only for Greek subtitles</disclaimer>
		<description lang="el">Εύρεση και λήψη υποτίτλων από το subtitles.gr</description>
		<disclaimer lang="el">Υπηρεσία μόνο ελληνικών υποτίτλων</disclaimer>
		<platform>all</platform>   
	</extension>
</addon>
