﻿<?xml version="1.0" encoding="UTF-8" standalone="yes"?>
<addon id="plugin.video.GOmovies" name="GOmovies" version="1.3.2" provider-name="lambda">
	<requires>
		<import addon="xbmc.python" version="2.1.0"/>
		<import addon="script.module.metahandler" version="1.0.0"/>
		<import addon="script.module.urlresolver" version="1.0.0"/>
		<import addon="script.module.simplejson" version="2.0.10"/>
		<import addon="script.common.plugin.cache" version="0.9.1"/>
		<import addon="script.module.parsedom" version="0.9.1"/>
		<import addon="plugin.video.youtube" version="2.9.2"/>
	</requires>
	<extension point="xbmc.python.pluginsource" library="default.py">
		<provides>video</provides>
	</extension>
	<extension point="xbmc.addon.metadata">
		<summary lang="en">Watch movies from various sources</summary>
		<description lang="en">Watch movies from various sources</description>
		<summary lang="el">Παρακολουθήστε ταινίες από διάφορες πηγές</summary>
		<description lang="el">Παρακολουθήστε ταινίες από διάφορες πηγές</description>
		<summary lang="fr">Regardez des films en version originale (Anglais)</summary>
		<description lang="fr">Regardez des films en version originale (Anglais)</description>
		<summary lang="nl">Bekijk Speelfilms van verscheidene bronnen</summary>
		<description lang="nl">Bekijk Speelfilms van verscheidene bronnen</description>
		<summary lang="pl">Oglądaj filmy z różnych źródeł</summary>
		<description lang="pl">Oglądaj filmy z różnych źródeł</description>
		<summary lang="pt">Assistir a filmes de várias fontes</summary>
		<description lang="pt">Assistir a filmes de várias fontes</description>
		<summary lang="pt_BR">Assistir a filmes de várias fontes</summary>
		<description lang="pt_BR">Assistir a filmes de várias fontes</description>
		<summary lang="ro">Urmărește filme din diverse surse</summary>
		<description lang="ro">Urmărește filme din diverse surse</description>
		<disclaimer lang="en">The author does not host or distribute any of the content displayed by this addon. The author does not have any affiliation with the content provider.</disclaimer>
		<forum>http://www.xbmchub.com/forums/lambdas-xbmc-repository/</forum>
		<source>https://github.com/lambda81/lambda-xbmc-addons</source>
		<website>http://www.xbmchub.com/</website>
		<platform>all</platform>
	</extension>
</addon>