﻿<?xml version="1.0" encoding="UTF-8" standalone="yes"?>
<addon id="plugin.video.megatv.com" name="MEGA Replay" version="2.1.2" provider-name="lambda">
	<requires>
		<import addon="xbmc.python" version="1.0"/>
		<import addon="script.common.plugin.cache" version="0.9.1"/>
		<import addon="script.module.parsedom" version="0.9.1"/>
		<import addon="plugin.video.youtube" version="2.9.2"/>
	</requires>
	<extension point="xbmc.python.pluginsource" library="default.py">
		<provides>video</provides>
	</extension>
	<extension point="xbmc.addon.metadata">
		<summary lang="en">Watch the latest shows from MEGA</summary>
		<summary lang="el">Δείτε πρόσφατα τηλεοπτικά προγράμματα του MEGA</summary>
		<description lang="en">Watch the latest programs and news from MEGA.[CR]MEGA also offers part of programs that have been produced during the years.</description>
		<description lang="el">Δείτε πρόσφατα τηλεοπτικά προγράμματα και ειδήσεις από το MEGA.[CR]Το MEGA επίσης προσφέρει και μέρος προγράμματων που έχουν παραχθεί κατά τη διάρκεια των ετών.</description>
		<disclaimer lang="en">Τhis addon offers content available in Greece.</disclaimer>
		<disclaimer lang="el">Το πρόσθετο αυτό προσφέρει περιεχόμενο διαθέσιμο στην Ελλάδα.</disclaimer>
		<platform>all</platform>
	</extension>
</addon>