﻿<?xml version="1.0" encoding="UTF-8" standalone="yes"?>
<addon id="plugin.video.madtv.gr" name="MAD Player" version="1.0.2" provider-name="lambda">
	<requires>
		<import addon="xbmc.python" version="1.0"/>
		<import addon="script.common.plugin.cache" version="0.9.1"/>
		<import addon="script.module.parsedom" version="0.9.1"/>
		<import addon="plugin.video.youtube" version="2.9.2"/>
	</requires>
	<extension point="xbmc.python.pluginsource" library="default.py">
		<provides>video</provides>
	</extension>
	<extension point="xbmc.addon.metadata">
		<summary lang="en">Watch music programs and charts from MAD and MAD Greekz</summary>
		<summary lang="el">Δείτε μουσικά προγράμματα και charts από το MAD και το MAD Greekz</summary>
		<description lang="en">Watch music programs and news from MAD and MAD Greekz.[CR]Τhis addon also includes all music charts of the channel.</description>
		<description lang="el">Δείτε μουσικά προγράμματα και ειδήσεις από το MAD και το MAD Greekz.[CR]Το πρόσθετο περιλαμβάνει επίσης και όλα τα μουσικά charts του καναλιού.</description>
		<disclaimer lang="en">Τhis addon offers content available in Greece.</disclaimer>
		<disclaimer lang="el">Το πρόσθετο αυτό προσφέρει περιεχόμενο διαθέσιμο στην Ελλάδα.</disclaimer>
		<platform>all</platform>
	</extension>
</addon>