<?xml version="1.0" encoding="utf-8" standalone="yes"?>
<shows>
	<show name="Avatar 3">
		<name>Avatar 3</name>
		<image>http://thetvdb.com/banners/fanart/original/74852-3.jpg</image>
		<url>http://www.nickelodeon.gr/seires/videos/avatar-videos/avatar-season-3.html</url>
	</show>

	<show name="Big Time Rush 2">
		<name>Big Time Rush 2</name>
		<image>http://thetvdb.com/banners/fanart/original/142831-4.jpg</image>
		<url>http://www.nickelodeon.gr/seires/videos/big-time-rush-videos.html</url>
	</show>

	<show name="Dinofroz 1">
		<name>Dinofroz 1</name>
		<image>http://www.nickelodeon.gr/media/k2/items/cache/98786352ab62965a07c516ba5d449e8a_l.jpg</image>
		<url>http://www.nickelodeon.gr/seires/videos/dinofroz-videos/dinofroz.html</url>
	</show>

	<show name="Fan Boy and Chum Chum 1">
		<name>Fan Boy and Chum Chum 1</name>
		<image>http://thetvdb.com/banners/fanart/original/160861-2.jpg</image>
		<url>http://www.nickelodeon.gr/seires/videos/itemlist/category/64-fan-boy-chum-chum-season-1.html</url>
	</show>

	<show name="Fan Boy and Chum Chum 2">
		<name>Fan Boy and Chum Chum 2</name>
		<image>http://thetvdb.com/banners/fanart/original/160861-2.jpg</image>
		<url>http://www.nickelodeon.gr/seires/videos/itemlist/category/63-season-2.html</url>
	</show>

	<show name="iCarly 2">
		<name>iCarly 2</name>
		<image>http://thetvdb.com/banners/fanart/original/82493-7.jpg</image>
		<url>http://www.nickelodeon.gr/seires/videos/icarly/icarly-videos-season-2.html</url>
	</show>

	<show name="Monsuno 1">
		<name>Monsuno 1</name>
		<image>http://thetvdb.com/banners/fanart/original/260070-1.jpg</image>
		<url>http://www.nickelodeon.gr/seires/videos/monsuno-videos/monsuno-season-1.html</url>
	</show>

	<show name="Monsuno 2">
		<name>Monsuno 2</name>
		<image>http://thetvdb.com/banners/fanart/original/260070-1.jpg</image>
		<url>http://www.nickelodeon.gr/seires/videos/itemlist/category/60-monsuno-season-2.html</url>
	</show>

	<show name="NinjaGO 2">
		<name>NinjaGO 2</name>
		<image>http://thetvdb.com/banners/fanart/original/253323-8.jpg</image>
		<url>http://www.nickelodeon.gr/seires/videos/itemlist/category/61-ninjago-season-2.html</url>
	</show>

	<show name="The Legend of Korra 1">
		<name>The Legend of Korra 1</name>
		<image>http://thetvdb.com/banners/fanart/original/251085-12.jpg</image>
		<url>http://www.nickelodeon.gr/seires/videos/the-legend-of-korra-videos/the-legend-of-korra-season-1.html</url>
	</show>

	<show name="Σούπερ Ζωάκια 1">
		<name>Σούπερ Ζωάκια 1</name>
		<image>http://thetvdb.com/banners/fanart/original/79377-2.jpg</image>
		<url>http://www.nickelodeon.gr/seires/videos/itemlist/category/66-monsuno-season-1.html</url>
	</show>

	<show name="Χελωνονιντζάκια 1">
		<name>Χελωνονιντζάκια 1</name>
		<image>http://thetvdb.com/banners/fanart/original/261451-1.jpg</image>
		<url>http://www.nickelodeon.gr/seires/videos/ninjaturtles-video.html</url>
	</show>
</shows>