﻿<?xml version="1.0" encoding="UTF-8" standalone="yes"?>
<addon id="plugin.video.antenna.gr" name="ANT1 Player" version="1.1.0" provider-name="lambda">
	<requires>
		<import addon="xbmc.python" version="1.0"/>
		<import addon="script.common.plugin.cache" version="0.9.1"/>
		<import addon="script.module.parsedom" version="0.9.1"/>
	</requires>
	<extension point="xbmc.python.pluginsource" library="default.py">
		<provides>video</provides>
	</extension>
	<extension point="xbmc.addon.metadata">
		<summary lang="en">Watch the latest shows from ANT1</summary>
		<summary lang="el">Δείτε πρόσφατα τηλεοπτικά προγράμματα του ANT1</summary>
		<description lang="en">Watch the latest programs and news from ANT1.[CR]ANT1 also offers its great archive to what has been produced during the years.</description>
		<description lang="el">Δείτε πρόσφατα τηλεοπτικά προγράμματα και ειδήσεις από τον ANT1.[CR]Ο ANT1 επίσης προσφέρει το μεγάλο αρχείο του, που έχει παραχθεί κατά τη διάρκεια των ετών.</description>
		<disclaimer lang="en">Τhis addon offers content available only in Greece.</disclaimer>
		<disclaimer lang="el">Το πρόσθετο αυτό προσφέρει περιεχόμενο διαθέσιμο μόνο στην Ελλάδα.</disclaimer>
		<platform>all</platform>
	</extension>
</addon>