﻿<?xml version="1.0" encoding="UTF-8" standalone="yes"?>
<addon id="plugin.video.hellenic.toons" name="Hellenic Toons" version="2.0.3" provider-name="lambda">
	<requires>
		<import addon="xbmc.python" version="2.1.0"/>
		<import addon="script.module.urlresolver" version="1.0.0"/>
		<import addon="script.common.plugin.cache" version="0.9.1"/>
		<import addon="script.module.parsedom" version="0.9.1"/>
		<import addon="plugin.video.youtube" version="2.9.2"/>
	</requires>
	<extension point="xbmc.python.pluginsource" library="default.py">
		<provides>video</provides>
	</extension>
	<extension point="xbmc.addon.metadata">
		<summary lang="en">Watch beloved cartoons in Greek</summary>
		<summary lang="el">Δείτε αγαπημένα κινούμενα σχέδια στα Ελληνικά</summary>
		<description lang="en">Watch beloved cartoons and kid songs in Greek.[CR]All programmes are broadcasted by Nickelodeon and other sources.</description>
		<description lang="el">Δείτε αγαπημένα κινούμενα σχέδια και παιδικά τραγούδια στα Ελληνικά.[CR]Όλα τα προγράμματα μεταδίδονται από το Nickelodeon και άλλες πηγές.</description>
		<disclaimer lang="en">The author does not host or distribute any of the content displayed by this addon. The author does not have any affiliation with the content provider.</disclaimer>
		<disclaimer lang="el">Ο συγγραφέας δεν φιλοξενεί ή διανέμει οποιοδήποτε περιεχόμενο που εμφανίζεται από τo πρόσθετο αυτό. Ο συγγραφέας δεν έχει καμία σχέση με τον πάροχο του περιεχομένου.</disclaimer>
		<platform>all</platform>
	</extension>
</addon>