﻿<?xml version="1.0" encoding="UTF-8" standalone="yes"?>
<addon id="plugin.video.ert.gr" name="ERT Online" version="2.0.1" provider-name="lambda">
	<requires>
		<import addon="xbmc.addon" version="12.0.0"/>
		<import addon="xbmc.python" version="2.1.0"/>
		<import addon="script.common.plugin.cache" version="0.9.1"/>
		<import addon="script.module.parsedom" version="0.9.1"/>
		<import addon="plugin.video.youtube" version="2.9.2"/>
	</requires>
	<extension point="xbmc.python.pluginsource" library="default.py">
		<provides>video</provides>
	</extension>
	<extension point="xbmc.addon.metadata">
		<summary lang="en">Watch the latest shows from ERT</summary>
		<summary lang="el">Δείτε πρόσφατα τηλεοπτικά προγράμματα της ΕΡΤ</summary>
		<description lang="en">Watch the latest programs and news from ERT.[CR]ERT also offers its great archive to what has been produced during the years.</description>
		<description lang="el">Δείτε πρόσφατα τηλεοπτικά προγράμματα και ειδήσεις από την ΕΡΤ.[CR]Η ΕΡΤ επίσης προσφέρει το μεγάλο αρχείο της, που έχει παραχθεί κατά τη διάρκεια των ετών.</description>
		<disclaimer lang="en">Τhis addon offers content available in Greece.</disclaimer>
		<disclaimer lang="el">Το πρόσθετο αυτό προσφέρει περιεχόμενο διαθέσιμο στην Ελλάδα.</disclaimer>
		<platform>all</platform>
	</extension>
</addon>